{
    "dropout_prob": 0.2,
    "l2_lambda": 0.001,
    "l1_lambda": 0.0001,
    "search_details": {
        "dropout_p=0.2": 0.30876464466253917,
        "dropout_p=0.5": 0.338606924255689,
        "l2_lambda=0.0001": 0.3205064745346705,
        "l2_lambda=0.001": 0.3176080998182297,
        "l1_lambda=0.0001": 0.3270779795646667,
        "l1_lambda=0.001": 0.4397006768385569
    }
}