{
  "CE": {
    "loss_fn": "CE",
    "train_loss": [
      0.971716,
      0.583946,
      0.513666,
      0.471663,
      0.447067,
      0.431968,
      0.406206,
      0.39758,
      0.389106,
      0.377958
    ],
    "val_acc": [
      75.33,
      80.64,
      82.69,
      83.53,
      84.85,
      85.62,
      86.07,
      86.01,
      86.05,
      85.99
    ],
    "final_acc": 85.99,
    "elapsed_s": 38.3
  },
  "MSE": {
    "loss_fn": "MSE",
    "train_loss": [
      0.045532,
      0.029343,
      0.026049,
      0.023742,
      0.022532,
      0.022088,
      0.020913,
      0.020126,
      0.020062,
      0.019106
    ],
    "val_acc": [
      76.82,
      81.61,
      83.58,
      84.3,
      85.33,
      85.63,
      86.45,
      85.93,
      86.38,
      86.62
    ],
    "final_acc": 86.62,
    "elapsed_s": 42.3
  }
}