{
  "shallow": {
    "arch": "shallow",
    "params": 50890,
    "val_accs": [
      83.125,
      84.13333333333334,
      85.38333333333334,
      85.9,
      86.20833333333333
    ],
    "train_accs": [
      83.47083333333333,
      84.80833333333334,
      86.28958333333334,
      86.80625,
      87.26666666666667
    ],
    "final_val_acc": 86.208,
    "elapsed_s": 67.8
  },
  "deeper": {
    "arch": "deeper",
    "params": 59210,
    "val_accs": [
      82.83333333333333,
      83.96666666666667,
      85.71666666666667,
      85.94166666666666,
      86.61666666666666
    ],
    "train_accs": [
      82.83125,
      84.68333333333334,
      86.60625,
      86.63541666666667,
      87.79166666666667
    ],
    "final_val_acc": 86.617,
    "elapsed_s": 71.0
  },
  "wider": {
    "arch": "wider",
    "params": 407050,
    "val_accs": [
      84.98333333333333,
      85.89166666666667,
      87.13333333333334,
      87.675,
      87.5
    ],
    "train_accs": [
      85.41666666666667,
      86.78958333333334,
      88.63125,
      89.18958333333333,
      89.5375
    ],
    "final_val_acc": 87.5,
    "elapsed_s": 98.8
  }
}